company,avg_salary,num_Jobs,avg_years_exp,Type,Category
10x Genomics,193333.3333,6,3.166666667,,Other
23andMe,153428.5714,7,3.142857143,,Other
2U,145571.4286,7,8,,Other
3M,119652.1739,23,7.260869565,,Other
7-eleven,117400,5,8.4,,Other
8x8,275000,6,13.83333333,,Other
ABB,112200,5,4,,Other
Abbott,139687.5,16,7,,Other
Accenture,140817.5182,274,7.054744526,,Other
Acorns,134714.2857,7,3,,Other
Acquia,128750,4,11.5,,Other
ActionIQ,147428.5714,7,4.428571429,,Other
ActiveCampaign,131250,8,9.875,,Other
Activision,168857.1429,7,10.57142857,,Other
Addepar,197600,10,4.2,,Other
adidas,100000,1,8,,Other
Adobe,244595.5414,314,7.547770701,,Big Tech
ADP,130488.8889,45,5.6,,Other
Adyen,200000,1,4,,Other
Aetna,160941.1765,17,6.647058824,,Other
Affirm,252564.1026,39,4.717948718,,Other
Afterpay,221166.6667,6,6.166666667,,Other
AIG,135625,8,8.5,,Other
Airbnb,368562.5,224,6.445535714,,Other
Airtable,339090.9091,11,3.727272727,,Other
Akamai,205111.1111,36,7.638888889,,Other
Akamai Technologies,169000,3,11.66666667,,Other
Akuna Capital,208000,15,0.6,HFT,HFT
Alarm.com,131444.4444,9,3.444444444,,Other
Alaska Airlines,130000,5,4.4,,Other
Alation,203800,5,12,,Other
Albertsons,183800,5,11.6,,Other
Algolia,123000,3,2.333333333,,Other
Alibaba,397750,8,4.5,,Other
Align Technology,170600,5,11.8,,Other
Allstate,123600,25,7.2,,Other
Ally,130000,12,6.5,,Other
AlphaSights,125400,5,2.4,,Other
Alteryx,222000,6,8.833333333,,Other
Altran,110000,2,10.5,,Other
Ama,292857.1429,7,7,,Other
Amadeus,117555.5556,9,8.444444444,,Other
Amazon,244768.2164,6958,7.35960046,FAANG,FAANG
Amazon Web Services,240900,20,8.35,FAANG,FAANG
Amazon.com,218375,8,10.25,FAANG,FAANG
AMD,190278.3505,97,7.93814433,,Other
Amdocs,114333.3333,6,11.16666667,,Other
American Airlines,100347.8261,23,7.173913043,,Other
American Express,128773.1092,119,5.235294118,,Other
American Family Insurance,127100,10,6.1,,Other
Amgen,149000,6,8.333333333,,Other
Amobee,171750,8,5.75,,Other
Amplitude,282375,8,4.75,,Other
amzon,179000,4,3,,Other
Analog Devices,153000,10,5.8,,Other
Anaplan,262200,15,9.066666667,,Other
Ancestry,179838.7097,31,6.64516129,,Other
Andela,16000,1,3,,Other
Anduril Industries,194909.0909,11,2.454545455,,Other
Anonymous,121750,4,12,,Other
Ansys,132125,8,4.375,,Other
AppDirect,152000,2,5,,Other
AppDynamics,254263.1579,19,9.263157895,,Other
AppFolio,153157.8947,19,3.947368421,,Other
Appian,146400,10,5.8,,Other
Apple,283341.821,1944,7.506687243,FAANG,FAANG
Apple Inc.,334100,10,10.2,FAANG,FAANG
Applied Materials,157035.7143,28,5.714285714,,Other
AppLovin,202285.7143,7,4.714285714,,Other
Apptio,142111.1111,9,5.111111111,,Other
Aptiv,113555.5556,9,3.666666667,,Other
Argo AI,323102.5641,39,6.282051282,,Other
Arista,365000,4,17.25,,Other
Arista Networks,203571.4286,21,5.380952381,,Other
ARM,171349.2063,63,6.936507937,,Other
ARUBA,173833.3333,6,5.333333333,,Other
Aruba Networks,186000,5,6.2,,Other
Asana,315187.5,32,3.5625,,Other
ASML,173636.3636,22,5.227272727,,Other
Astrazeneca,163250,4,9,,Other
Asurion,121193.5484,31,4.838709677,,Other
AT Kearney,244666.6667,6,8.166666667,,Other
AT&T,136260.8696,69,6.376811594,,Other
Athenahealth,154952.381,21,6.428571429,,Other
Atlassian,221813.5593,118,5.788135593,,Other
Attentive,199875,8,4.75,,Other
Audible,199772.7273,44,4.522727273,,Other
Aurora,348812.5,16,6.0625,,Other
Auth0,170625,8,6,,Other
Autodesk,217222.2222,108,9.342592593,,Other
Automattic,111857.1429,14,9.357142857,,Other
Autonomic,237500,4,5.75,,Other
Avalara,168833.3333,6,6.166666667,,Other
Avanade,130619.0476,21,9.904761905,,Other
Avaya,141750,4,15.25,,Other
AWS,240818.1818,33,11.6969697,,Other
Axon,193352.9412,17,5.588235294,,Other
Babylon Health,140000,1,5,,Other
BAE Systems,102416.6667,12,5.25,,Other
Baidu,261600,5,4.2,,Other
Bain,165724.1379,29,3.586206897,,Other
Bain & Company,135500,4,1.75,,Other
Bandwidth,112900,10,6.2,,Other
Bank of America,142655.1724,58,7.724137931,,Other
Bank of America Merrill Lynch,154142.8571,56,7.803571429,,Other
Bankers Healthcare Group,81800,5,3.2,,Other
Barclays,161058.8235,34,7.882352941,,Other
Barracuda Networks,185200,5,10.6,,Other
Bayer,152142.8571,7,7.714285714,,Other
Bazaarvoice,175200,5,7.6,,Other
BCG,208916.6667,36,6.194444444,,Other
BCG Digital Ventures,170095.2381,21,7.476190476,,Other
Benchling,183142.8571,7,2.142857143,,Other
Best Buy,130785.7143,14,7.571428571,,Other
Better Mortgage,242047.619,21,6.047619048,,Other
Better.com,174888.8889,9,5.777777778,,Other
Betterment,160400,10,5,,Other
Beyond Limits,119750,8,3.625,,Other
BigCommerce,163600,5,6.8,,Other
Bill.com,181571.4286,7,5.285714286,,Other
Bird,174571.4286,7,3.428571429,,Other
Blackbaud,128000,7,9.428571429,,Other
BlackBerry,189500,2,11.5,,Other
Blackhawk Network,131750,4,9.75,,Other
BlackLine,199200,5,7.8,,Other
BlackRock,161322.5806,62,5.709677419,,Other
Blackstone,184545.4545,11,4.454545455,,Other
Blend,218461.5385,13,4.692307692,,Other
Blink Health,169000,7,2.714285714,,Other
Blizzard Entertainment,140481.4815,54,8.740740741,,Other
BlockFi,132500,6,8.5,,Other
Bloomberg,218830.7292,480,5.157291667,,Big Tech
Bloomberg LP,261666.6667,9,9.666666667,,Other
Blue Origin,115023.8095,42,5.047619048,,Other
Blue Yonder,165000,6,8,,Other
Bluecore,140000,13,4.307692308,,Other
BNP Paribas,119000,2,1.5,,Other
BNY Mellon,165270.2703,37,6.567567568,,Other
Boeing,121595.0413,121,7.710743802,,Other
Bolt,174000,5,5,,Other
Booking.com,140666.6667,3,7.666666667,,Other
Booz Allen Hamilton,118659.0909,88,5.363636364,,Other
Bosch,130500,6,3.666666667,,Other
Bosch Global,97333.33333,3,5,,Other
Bose,144545.4545,11,7.181818182,,Other
Boston Consulting Group,208000,12,6.166666667,,Other
Box,303009.009,111,9.333333333,,Other
Brex,408421.0526,19,5.736842105,,Other
Bridgewater Associates,225000,2,4.5,,Other
Broadcom,337123.9669,121,11.57024793,,Other
Buildium,149800,5,6.8,,Other
Bumble,105000,1,15,,Other
Button,145600,5,3.8,,Other
BuzzFeed,137600,5,6,,Other
ByteDance,336672.1311,122,4.967213115,,Other
C3.ai,228882.3529,17,2.235294118,,Other
CA Technologies,244600,5,21,,Other
CACI,123333.3333,6,9.666666667,,Other
CACI International,98142.85714,7,4,,Other
Cadence,194538.4615,13,8.153846154,,Other
Cadence Design Systems,223181.8182,33,9.666666667,,Other
Cambia Health Solutions,120333.3333,9,7.555555556,,Other
Canonical,152166.6667,6,9.666666667,,Other
Capgemini,123710.5263,38,8.052631579,,Other
Capital Group,184294.1176,17,7,,Other
Capital One,149942.8951,753,5.551128818,,Other
capsule,147857.1429,7,3.714285714,,Other
CapTech,118600,5,4.2,,Other
Care.com,159333.3333,6,8.666666667,,Other
Cargurus,230375,8,8.875,,Other
CarMax,127500,6,5.666666667,,Other
Carrier,84600,5,2,,Other
Carta,268200,30,6.066666667,,Other
Carvana,124000,13,4.692307692,,Other
CBRE,148285.7143,7,10.71428571,,Other
CBS Interactive,119800,5,8.4,,Other
CDK Global,99555.55556,9,5.888888889,,Other
Centene,93333.33333,6,4.333333333,,Other
Cerner,87937.5,96,4.96875,,Other
CGI,96875,8,6.375,,Other
CGI Group,90000,9,4.555555556,,Other
Chan Zuckerberg Initiative,248285.7143,14,7.428571429,,Other
Change.org,125000,2,2.5,,Other
Charles Schwab,131910.7143,56,6.642857143,,Other
Charter Communications,145363.6364,11,7.909090909,,Other
Chase,113428.5714,7,8.714285714,,Other
Checkr,218166.6667,6,4.666666667,,Other
Chegg,194461.5385,13,7.769230769,,Other
Chevron,168906.25,32,7.5625,,Other
Chewy,208850,40,7,,Other
Chick-fil-A,114200,5,3.6,,Other
Chime,370833.3333,24,6.458333333,,Other
CIBC,86666.66667,3,3.666666667,,Other
Ciena,174428.5714,7,8.714285714,,Other
Cigna,149181.8182,11,7,,Other
Ciklum,60000,1,5,,Other
Cimpress,150266.6667,15,6.266666667,,Other
Circle,156000,4,5.5,,Other
CircleCI,190500,4,7.5,,Other
Cirrus Logic,157625,8,7.5,,Other
Cisco,213621.519,790,8.999367089,,Big Tech
Cisco Meraki,184000,14,3.214285714,,Other
cisco systems,228500,20,11.1,,Other
Citadel,363586.9565,46,4.217391304,HFT,HFT
Citi,145846.1538,65,7.584615385,,Other
Citibank,189750,4,12.75,,Other
Citrix Systems Inc,193809.5238,63,7.492063492,,Other
Clari,195857.1429,7,4.571428571,,Other
Clear Street,193000,5,4.4,,Other
Clearwater Analytics,91285.71429,7,4.428571429,,Other
Clever,145833.3333,12,2.583333333,,Other
Cloudera,290581.3953,43,8.813953488,,Other
Cloudflare,202785.7143,28,5.321428571,,Other
CloudKitchens,493000,10,9.3,,Other
Clover Health,182000,5,6.4,,Other
CME Group,160400,5,8,,Other
Cockroach Labs,183600,5,2.8,,Other
Codecademy,168400,5,4.8,,Other
Cognizant,117938.7755,49,10.24489796,,Other
Cognizant Technology Solutions,120000,4,12.75,,Other
Cohesity,242250,20,6.25,,Other
Coinbase,322478.2609,92,5.97826087,,Other
Collective Health,210600,5,9.6,,Other
Collins Aerospace,101100,10,9,,Other
Comcast,174790.2098,143,8.797202797,,Other
CommScope,214600,5,13.8,,Other
Commvault,196500,10,15.6,,Other
company,#DIV/0!,0,#DIV/0!,,#DIV/0!
Compass,248434.7826,69,6.391304348,,Other
Comscore,142250,4,9.5,,Other
Conduent,146285.7143,7,14.14285714,,Other
Confluent,295800,15,7.866666667,,Other
Constant Contact,137200,10,8.4,,Other
Contentful,82000,1,5,,Other
Continental,121000,4,7,,Other
Convoy,209621.6216,37,6.513513514,,Other
Cornerstone OnDemand,179222.2222,18,7.111111111,,Other
Costar Group,112400,10,4.2,,Other
Costco,91800,5,5,,Other
Costco Wholesale,105500,8,5.25,,Other
Couchbase,190800,5,10.6,,Other
Coupa,213142.8571,7,7.857142857,,Other
Coupa Software,396818.1818,11,13.90909091,,Other
Coupang,385400,25,8.84,,Other
Course Hero,161000,7,3.142857143,,Other
Coursera,215000,12,6.583333333,,Other
CoverMyMeds,112571.4286,7,7.285714286,,Other
Cox Automotive,144516.129,31,8.096774194,,Other
Cox Enterprises,98400,5,3.8,,Other
Credit Karma,281666.6667,48,6.729166667,,Other
Credit Suisse,130545.4545,11,7,,Other
Criteo,134142.8571,7,3.857142857,,Other
CrowdStrike,217409.0909,22,6.681818182,,Other
Cruise,343219.8276,116,6.327586207,,Other
CSG,108000,5,11.4,,Other
Cummins,111000,19,4.315789474,,Other
Cvent,110250,8,7.75,,Other
CVS Health,144000,17,7.941176471,,Other
Cyngn,184200,5,8.8,,Other
Daimler,156750,4,5.75,,Other
Danaher,169250,4,8.25,,Other
Dassault Systemes,141500,4,8.25,,Other
Databricks,284148.1481,27,4.777777778,,Other
Datadog,228725,40,5.175,,Other
DataRobot,196428.5714,7,6.857142857,,Other
Degreed,147166.6667,6,10.16666667,,Other
Deliverr,163166.6667,6,0.666666667,,Other
Dell,198888.8889,9,12.22222222,,Other
Dell Technologies,178857.1429,196,10.23979592,,Other
Deloitte,142080.4954,323,7.50619195,,Other
Deloitte Advisory,158500,12,9.083333333,,Other
Deloitte Consulting,139083.3333,12,7.333333333,,Other
Deloitte Consulting LLP,127000,7,6.142857143,,Other
Delphix,155200,5,7,,Other
Delta Air Lines,107000,5,5.6,,Other
Deutsche Bank,114176.4706,17,4.941176471,,Other
Dexcom,160142.8571,7,8.571428571,,Other
Dialpad,198600,5,8,,Other
DiDi,266000,5,4.6,,Other
DigitalOcean,210333.3333,18,6.666666667,,Other
Discord,274000,8,4.75,,Other
Discover,109666.6667,18,6.555555556,,Other
Discover Financial Services,110600,5,3.2,,Other
Discovery,213153.8462,13,7.076923077,,Other
Dish,111800,5,5.8,,Other
Dish Network,118785.7143,14,10.5,,Other
Disney,182926.3158,95,8.431578947,,Other
Disney Streaming Services,189000,8,6,,Other
Docker,276111.1111,9,12.77777778,,Other
DocuSign,248738.0952,84,6.857142857,,Other
Dolby Laboratories,186090.9091,11,8.363636364,,Other
Domo,153142.8571,7,8.714285714,,Other
DoorDash,314692.9134,127,5.921259843,,Other
DoubleVerify,175400,5,5,,Other
Dow Jones,144200,5,3.2,,Other
Doximity,204400,5,6.4,,Other
DraftKings,184294.1176,17,4,,Other
Drift.com,107600,5,3.2,,Other
Dropbox,341429.7189,249,7.815261044,,Other
DRW,204666.6667,3,1.333333333,HFT,HFT
DTCC,123000,5,8,,Other
Duolingo,179571.4286,7,2.571428571,,Other
DXC Technology,117250,4,13.5,,Other
Dynatrace,130000,3,6.666666667,,Other
E*TRADE,183800,5,7.6,,Other
Earnest,196200,5,5.6,,Other
eBay,235693.6937,333,7.89039039,,Big Tech
Edwards Lifesciences,150400,5,6.2,,Other
edX,137000,5,6.8,,Other
Egen Solutions,107500,6,4.666666667,,Other
Elastic,220100,10,9.7,,Other
Electronic Arts,215446.8085,47,6.978723404,,Other
Ellie Mae,156750,8,8.375,,Other
Elsevier,111285.7143,7,3.571428571,,Other
Enova International,122500,6,7,,Other
EPAM,132100,10,10.4,,Other
Epam Systems,137394.3662,71,9.915492958,,Other
Epic Games,238833.3333,6,10.5,,Other
Epic Systems,134340.6593,91,4.274725275,,Other
epsilon,120428.5714,7,10,,Other
Equifax,124000,11,8.363636364,,Other
Equinix,215500,8,7.5,,Other
EquipmentShare,119000,5,7.4,,Other
Ericsson,162347.8261,23,13.39130435,,Other
Ernst & Young,123600,5,3.8,,Other
Ernst and Young,140721.1538,104,5.932692308,,Other
Esri,131647.0588,17,6.235294118,,Other
Etsy,226016.6667,60,5.933333333,,Other
Eventbrite,160000,5,8.8,,Other
Evernote,197750,8,6.125,,Other
EverQuote,127400,5,2,,Other
Excella,133800,5,7,,Other
Expedia,183758.1227,277,7.288808664,,Other
Expedia Group,175000,8,10,,Other
Experian,166928.5714,14,8.571428571,,Other
ExxonMobil,138897.4359,39,7.461538462,,Other
EY,166538.4615,26,9.038461538,,Other
EY-parthenon,146800,5,4,,Other
F5 networks,183928.5714,42,8.833333333,,Other
Facebook,356871.7142,2701,7.039337282,FAANG,FAANG
FactSet,115805.5556,36,4.166666667,,Other
Faire,360000,1,5,,Other
Fanatics,176400,5,3.6,,Other
FanDuel,143200,5,4.2,,Other
Fannie Mae,137350,20,7.65,,Other
Farfetch,85000,1,2,,Other
Fast Enterprises,126600,5,4.6,,Other
fastly,231000,6,11.66666667,,Other
FedEx,89181.81818,11,4.272727273,,Other
Feedzai,146400,5,5.2,,Other
Fetch Rewards,121500,8,4,,Other
FICO,198666.6667,9,10.55555556,,Other
Fidelity Investments,128682.9268,41,3.707317073,,Other
Fifth Third Bank,131857.1429,7,4.857142857,,Other
Figma,249875,8,2.375,,Other
FireEye,265818.1818,11,11.18181818,,Other
First Republic Bank,198857.1429,7,11.28571429,,Other
FIS,149300,10,11,,Other
Fiserv,128750,8,10.625,,Other
Fitbit,192437.5,16,9.1875,,Other
Five Rings,245000,5,1,,Other
Flatiron Health,231000,16,6.3125,,Other
FLEXE,157142.8571,7,4.714285714,,Other
Flexport,257162.7907,43,5.348837209,,Other
Flipkart,70000,1,1,,Other
Ford,193375,8,9.5,,Other
Ford Motor,108468.75,32,5.65625,,Other
Ford Motor Company,98666.66667,6,4.833333333,,Other
Fortinet,184733.3333,15,6.8,,Other
Foursquare,163000,7,6.714285714,,Other
Fractal Analytics,114666.6667,3,5,,Other
Freddie Mac,126142.8571,7,8.285714286,,Other
FTI Consulting,202000,5,11,,Other
fuboTV,184333.3333,6,5.166666667,,Other
Fujitsu,149500,6,11.5,,Other
FullStory,126200,5,4.4,,Other
Gap,140100,10,4.7,,Other
Garmin,101500,22,7.5,,Other
Gartner,149181.8182,11,8.727272727,,Other
GE,155222.2222,18,12.05555556,,Other
Ge aviation,111666.6667,6,10.16666667,,Other
GE Digital,193428.5714,42,9.095238095,,Other
GE Healthcare,128777.7778,9,7.777777778,,Other
Geico,100857.1429,7,4.571428571,,Other
Gemini,183400,5,6.6,,Other
Genentech,217444.4444,18,7.388888889,,Other
General Atomics,109846.1538,13,6.923076923,,Other
General Dynamics Information Technology,102000,5,6.6,,Other
General Dynamics Mission Systems,73500,4,4,,Other
General Electric,101142.8571,7,7.714285714,,Other
General mills,135000,5,7,,Other
General Motors,104223.1405,121,4.73553719,,Other
Genesys,126692.3077,13,8.923076923,,Other
Genpact,172000,4,15,,Other
Gigamon,239800,5,15.2,,Other
GitHub,274851.0638,47,9.808510638,,Other
Gitlab,173000,6,7.5,,Other
Glassdoor,218038.4615,26,8.269230769,,Other
Global Payments,125222.2222,9,8.888888889,,Other
GlobalFoundries,113333.3333,6,7.833333333,,Other
Globallogic,122545.4545,11,8.090909091,,Other
Globant,193800,5,14.6,,Other
Glu Mobile,227800,5,7,,Other
Godaddy,183764.2276,123,6.902439024,,Other
Goldman Sachs,188457.971,345,5.111594203,,Big Tech
Google,296486.1038,3814,6.839735186,FAANG,FAANG
Google LLC,307200,5,7.8,FAANG,FAANG
goPuff,181555.5556,9,4.111111111,,Other
Grab,240111.1111,9,7.111111111,,Other
Grammarly,179400,5,2.4,,Other
Granular,167500,6,10.33333333,,Other
Grid Dynamics,141750,4,8.75,,Other
Groupon,190013.1579,76,6.315789474,,Other
Grubhub,180642.8571,56,5.696428571,,Other
GSK,180200,5,10.8,,Other
Guardant Health,194000,8,6.75,,Other
Guidehouse,102000,4,3.5,,Other
Guidewire,154400,5,6.8,,Other
Guidewire Software,189833.3333,12,6.75,,Other
Gusto,190966.6667,30,5.066666667,,Other
HackerRank,120000,1,5,,Other
HashiCorp,190888.8889,18,7,,Other
HBO,241653.8462,26,7.153846154,,Other
HCA Healthcare,103800,5,5.6,,Other
HCL Technologies,128000,11,8.545454545,,Other
Headspace,154000,5,4.2,,Other
H-E-B,152000,6,6.333333333,,Other
HelloFresh,147500,2,6,,Other
Here,174666.6667,3,21.33333333,,Other
Here Technologies,237312.5,16,10.75,,Other
Hewlett Packard Enterprise,209900,10,11.65,,Other
Hitachi,162300,10,8.4,,Other
homeadvisor,119200,5,7,,Other
HomeAway,211400,5,9.4,,Other
Honeywell,134387.0968,31,9.806451613,,Other
Hopper,202000,5,6,,Other
Houzz,253333.3333,12,2.916666667,,Other
HP,136750,12,8.916666667,,Other
HP Inc,147363.6364,11,10.36363636,,Other
HPE,177483.3333,60,9.183333333,,Other
HSBC,207400,5,13.6,,Other
Huawei,416666.6667,3,17,,Other
HubSpot,169582.2785,79,4.253164557,,Other
Hudson River Trading,345000,9,1.666666667,HFT,HFT
Hulu,227036.3636,55,7.272727273,,Other
Humana,129200,15,7,,Other
Hyperscience,203600,5,3,,Other
IBM,150101.1236,712,7.586376404,,Other
Ibotta,123142.8571,7,4.714285714,,Other
ICF,87000,4,2.5,,Other
iCIMS,106923.0769,13,3.692307692,,Other
idemia,120000,3,5.333333333,,Other
IGT,115285.7143,7,7.857142857,,Other
iHeartRadio,164285.7143,7,5.285714286,,Other
iHerb,177600,5,7.4,,Other
IHS Markit,115100,10,9,,Other
Illumina,133300,20,3.35,,Other
Illumio,181714.2857,7,5.857142857,,Other
iManage,139000,4,8.25,,Other
IMC,264166.6667,6,1.5,HFT,HFT
Indeed,243832.2148,149,7.89261745,,Other
Indigo,168500,6,7.666666667,,Other
Infinera,172400,5,4.2,,Other
Infoblox,199000,4,14.25,,Other
Infor,162777.7778,9,9.111111111,,Other
Informatica,163629.6296,27,6.518518519,,Other
Infosys,89400,45,6.666666667,,Other
Infosys Ltd,149000,4,13,,Other
InMobi,240000,1,10,,Other
Instabase,188500,4,1,,Other
Instacart,369065.2174,92,6.097826087,,Other
Integral Ad Science,121400,5,3.8,,Other
Intel,189819.5576,859,9.580908033,,Big Tech
Intel Corporation,243923.0769,26,13.15384615,,Other
Interactive Brokers,232142.8571,7,9.142857143,,Other
Intercom,163666.6667,6,7.5,,Other
Intercontinental Exchange,151375,8,4.875,,Other
Internet Brands,82250,8,4.75,,Other
InterSystems,136666.6667,6,2.833333333,,Other
Intuit,230431.7073,410,7.326829268,,Big Tech
Intuitive,290333.3333,9,7.111111111,,Other
Intuitive Surgical,283200,5,9,,Other
InvestCloud,93250,4,2,,Other
InVision,179571.4286,7,13.14285714,,Other
IQVIA,138000,8,6,,Other
iRobot,148555.5556,9,3.777777778,,Other
Ironclad,130000,6,0.833333333,,Other
Iterable,175600,5,2.2,,Other
Ivanti,184857.1429,7,12.71428571,,Other
IXL Learning,128625,8,2.5,,Other
Jane Street,418000,5,2,HFT,HFT
Jane Street Capital,475714.2857,7,3,HFT,HFT
JCPenney,175000,5,13.2,,Other
Jet Propulsion Laboratory,108400,5,4.4,,Other
John Deere,140888.8889,9,10,,Other
John Hancock,99600,5,3.2,,Other
Johnson,186833.3333,6,9.666666667,,Other
Johnson & Johnson,180588.2353,17,8.352941176,,Other
Johnson and Johnson,200818.1818,11,6.454545455,,Other
Johnson Controls,188750,4,9.5,,Other
JP Morgan,171428.5714,7,11.14285714,,Other
JP Morgan Chase,129428.5714,14,5.642857143,,Other
JPMorgan,145400,10,8.9,,Other
JPMorgan Chase,146286.783,401,6.386533666,,Other
Jump Trading,206250,4,0.25,HFT,HFT
Juniper,165800,5,5,,Other
Juniper Networks,178590.9091,44,7.772727273,,Other
Juniper Square,130166.6667,6,5.166666667,,Other
Just Eat,133333.3333,3,4.333333333,,Other
Juul Labs,227714.2857,7,5.857142857,,Other
Kaiser Permanente,137000,9,6,,Other
Kajabi,156000,5,8.2,,Other
Kayak,155500,8,4.5,,Other
Keeptruckin,207285.7143,7,3.857142857,,Other
Keysight,137300,10,9.1,,Other
Khoros,154000,6,4.166666667,,Other
KLA,158294.1176,17,5.352941176,,Other
Klarna,150000,1,2,,Other
Klaviyo,151400,5,3.8,,Other
Kohl's,140250,8,4,,Other
Korn Ferry,107600,5,8.4,,Other
KPIT,80500,2,7.5,,Other
KPMG,135095.2381,63,6.301587302,,Other
Kraken,135000,4,6.5,,Other
Kroger,133000,15,7.8,,Other
L3Harris,90625,8,3.75,,Other
L3Harris Technologies,99968.75,32,4.84375,,Other
Lam Research,156478.2609,23,5.086956522,,Other
Latch,156400,5,4.8,,Other
LeanTaaS,167142.8571,7,4.857142857,,Other
Leidos,127300,20,7.2,,Other
LEK,149200,5,3.4,,Other
LendingClub,210625,16,7.25,,Other
LendingTree,140000,7,6.142857143,,Other
lenovo,245500,12,9.75,,Other
Liberty mutual,141000,30,6.166666667,,Other
liberty mutual insurance,163400,5,9,,Other
LinkedIn,329015.942,690,6.598550725,,Big Tech
LivePerson,220857.1429,7,7.571428571,,Other
LiveRamp,226238.0952,21,5.333333333,,Other
loanDepot,138166.6667,6,7.333333333,,Other
Loblaw Digital,126000,1,4,,Other
Lockheed Martin,116113.0435,115,5.913043478,,Other
Logitech,218333.3333,9,12.55555556,,Other
LogMeIn,126375,8,5.125,,Other
Loom,227000,5,6,,Other
lowes,220200,5,9.8,,Other
Lowe's,148230.7692,13,6.538461538,,Other
LTI,121500,2,9,,Other
Lucid Motors,157800,10,4,,Other
Lucid Software,115714.2857,7,2,,Other
Lumen,122857.1429,7,9.142857143,,Other
Lumentum,177750,4,10.5,,Other
Luxoft,112000,4,9.5,,Other
Lyft,369648.9028,319,6.724137931,,Big Tech
macy's,130368.4211,19,5.842105263,,Other
"Macy's,",138600,5,3,,Other
Magic Leap,239950,20,9.05,,Other
mailchimp,191346.1538,26,8.038461538,,Other
Manhattan Associates,105333.3333,6,4.666666667,,Other
ManTech International,113400,5,2.4,,Other
Mapbox,180733.3333,15,6.2,,Other
MarketAxess,151600,5,3.2,,Other
Marqeta,173437.5,16,3.5625,,Other
Marvell,192941.1765,34,7.294117647,,Other
MassMutual,165769.2308,13,8.538461538,,Other
Mastercard,150548.3871,62,4.758064516,,Other
Match,125500,8,7.125,,Other
MathWorks,145515.1515,66,6.712121212,,Other
Maxar Technologies,104666.6667,12,4.75,,Other
Maxim Integrated,176166.6667,6,10.66666667,,Other
Mcafee,207000,15,9.933333333,,Other
McDonald's,160833.3333,6,8.833333333,,Other
Mckesson,156000,10,10,,Other
McKinsey,212420.2899,69,6.086956522,,Other
Mckinsey & Company,168125,8,6.75,,Other
Medallia,340000,3,6.666666667,,Other
Mediaocean,96500,6,3.5,,Other
MediaTek,193222.2222,9,10.33333333,,Other
Medium,202000,5,6.6,,Other
Medtronic,125185.1852,27,5.962962963,,Other
Meijer,92400,5,2.8,,Other
Mellanox,205000,2,6.5,,Other
Mentor Graphics,195250,4,4,,Other
Mercer,129625,8,5.75,,Other
Merck,123571.4286,7,5.571428571,,Other
metlife,130250,4,9,,Other
Metromile,168428.5714,7,7.428571429,,Other
Mi,250571.4286,7,7.285714286,,Other
Mic,263000,9,8.777777778,,Other
Micro Focus,132714.2857,7,8.285714286,,Other
Microchip,123300,10,8,,Other
Microchip Technology,88333.33333,6,2.666666667,,Other
micron,138125,8,4.875,,Other
Micron Technology,180294.1176,34,9.147058824,,Other
Microsoft,223213.0994,4535,7.716097023,,Big Tech
Microsoft Corporation,248272.7273,11,13.45454545,,Other
MicroStrategy,124222.2222,9,3.222222222,,Other
Mindtree,83111.11111,9,5.777777778,,Other
Mitchell International,98000,7,3.857142857,,Other
MITRE,125727.2727,11,6.636363636,,Other
MixPanel,236666.6667,12,5.5,,Other
MobileIron,245307.6923,13,11,,Other
MongoDB,292540.5405,37,7.162162162,,Other
Moody's,151923.0769,13,6.846153846,,Other
Moody's Analytics,158666.6667,6,6.666666667,,Other
Morgan Stanley,168819.2771,83,7.361445783,,Other
Morningstar,131100,10,9.1,,Other
Motional,219333.3333,6,5.333333333,,Other
Motorola,111333.3333,6,6.5,,Other
Motorola Solutions,113250,4,6.75,,Other
Move,181000,6,7.666666667,,Other
Moveworks,200000,5,3.6,,Other
Mozilla,229954.5455,22,10.81818182,,Other
Mphasis,93571.42857,7,8.428571429,,Other
MSFT,240142.8571,7,11.42857143,,Other
MUFG,171666.6667,6,7.5,,Other
MURAL,157000,1,7,,Other
Mutual of Omaha,105714.2857,7,5.571428571,,Other
N/A,143666.6667,3,6.666666667,,Other
N26,160000,3,6.666666667,,Other
NASA JPL,109909.0909,11,4.818181818,,Other
Nasdaq,164000,7,9.428571429,,Other
Natera,204000,5,8.8,,Other
National Instruments,119000,13,10.23076923,,Other
NBCUniversal,136235.2941,17,6.941176471,,Other
NCR,90730.76923,26,3.346153846,,Other
NerdWallet,181000,17,5.411764706,,Other
NetApp,183972.973,74,9.324324324,,Other
Netflix,482879.6992,266,9.781954887,FAANG,FAANG
Netskope,235769.2308,13,10.69230769,,Other
Neustar,170800,5,15.8,,Other
New Relic,183750,24,8.666666667,,Other
Nextdoor,203592.5926,27,3,,Other
Nextera Analytics,112285.7143,7,8.428571429,,Other
Niantic,296545.4545,11,6.545454545,,Other
NICE,123200,5,5.8,,Other
Nielsen,109750,12,5,,Other
Nike,173400,75,8.4,,Other
Nintendo,151666.6667,6,11.16666667,,Other
NIO,217600,5,6.2,,Other
Nokia,186066.6667,30,11.33333333,,Other
Nordstrom,160600,75,6.546666667,,Other
Northrop Grumman,109339.8058,103,4.961165049,,Other
Northwestern Mutual,112850,20,5.35,,Other
NortonLifeLock,215583.3333,12,10.75,,Other
Novetta,140428.5714,7,10.85714286,,Other
NTT DATA,132500,8,10.25,,Other
Nuance,185000,3,12.33333333,,Other
Nuance Communications,146000,5,6.2,,Other
Nubank,147500,2,6.5,,Other
Numerator,134000,4,4.75,,Other
Nuro,290294.1176,17,3.588235294,,Other
Nutanix,227153.0612,98,6.316326531,,Other
Nvidia,259601.7192,349,6.985673352,,Big Tech
Nxp,146600,5,12,,Other
NXP Semiconductors,194714.2857,14,7,,Other
Nylas,156666.6667,3,8,,Other
Oath,185526.3158,19,5.684210526,,Other
OfferUp,230142.8571,14,7.571428571,,Other
Office Depot,136428.5714,7,5.142857143,,Other
Okta,270812.5,48,8.375,,Other
Oliver Wyman,120571.4286,7,3.285714286,,Other
Olo,144875,8,8.125,,Other
On Semiconductor,150500,6,7.666666667,,Other
One Medical,192333.3333,6,8.166666667,,Other
OneTrust,107200,5,3.6,,Other
Opendoor,268562.5,16,7.4375,,Other
OpenTable,195714.2857,7,6.285714286,,Other
Opentext,149125,8,10,,Other
oppo,227600,5,5.6,,Other
Optimizely,175615.3846,13,7.846153846,,Other
Optiver,253750,8,1.75,HFT,HFT
Optum,124743.5897,39,5.102564103,,Other
Oracle,238766.2134,956,9.533472803,,Big Tech
Oscar,213416.6667,12,2.666666667,,Other
Oscar Health,222555.5556,18,4.166666667,,Other
Other,175400,5,5.8,,Other
Overstock,130375,8,6.25,,Other
PagerDuty,208285.7143,7,7.142857143,,Other
Palantir,251214.2857,42,3.904761905,,Other
Palo Alto Networks,270302.6316,76,8.631578947,,Other
Panasonic,110333.3333,6,6,,Other
Panasonic Avionics,131000,5,10.8,,Other
Pandora,227638.8889,36,8.944444444,,Other
Pariveda Solutions,136000,5,6.8,,Other
Parsons,112833.3333,6,5,,Other
Patreon,205888.8889,9,6.333333333,,Other
Paycom,100400,10,2.2,,Other
Paylocity,150125,8,8.125,,Other
PayPal,234614.3617,376,7.632978723,,Big Tech
PDT Partners,500000,5,2.6,,Other
Pearson,140714.2857,7,6.857142857,,Other
Pegasystems,141666.6667,3,6,,Other
Peloton,203900,20,4.225,,Other
PepsiCo,188666.6667,9,6.333333333,,Other
Perficient,99000,10,4.3,,Other
Perspecta,212000,5,9.2,,Other
Petuum,178333.3333,6,6.166666667,,Other
Philips,144615.3846,13,8,,Other
Ping Identity,88500,4,2.25,,Other
Pinterest,369187.9699,133,5.334586466,,Other
Pivotal,176645.1613,31,9.064516129,,Other
Plaid,292083.3333,36,4.444444444,,Other
Playstation,182583.3333,12,6.916666667,,Other
PlayVS,125375,8,4,,Other
Pluralsight,140785.7143,28,6.107142857,,Other
PNC,112263.1579,19,6.368421053,,Other
Podium,121000,5,2.8,,Other
Point72,245000,7,3.285714286,,Other
Policygenius,150666.6667,6,4.5,,Other
Poshmark,151909.0909,11,3.363636364,,Other
Postmates,179391.3043,23,4.47826087,,Other
Priceline,129000,7,3.428571429,,Other
Principal Financial Group,89600,5,6,,Other
Procore,157250,12,6.666666667,,Other
Procore Technologies,143750,12,5.833333333,,Other
Procter & Gamble,105666.6667,12,3,,Other
Proofpoint,197750,20,5.8,,Other
Prudential Financial,132333.3333,15,5.266666667,,Other
PTC,127000,5,7.4,,Other
Publicis Sapient,141310.3448,29,8.344827586,,Other
Puppet,144400,5,10.2,,Other
Pure Storage,295818.1818,33,7.96969697,,Other
PwC,180250,76,8.513157895,,Other
Qualcomm,199208.0153,524,7.742366412,,Big Tech
Qualcomm inc,186000,5,11.8,,Other
Qualia,147285.7143,7,3.857142857,,Other
Qualtrics,207241.3793,116,4.74137931,,Other
Quantcast,201888.8889,9,8.888888889,,Other
Quantiphi,106666.6667,3,4.333333333,,Other
QuantumBlack,206500,2,3.5,,Other
Quest diagnostics,104800,5,7.2,,Other
Quicken Loans,118941.1765,17,6.411764706,,Other
Quora,235875,16,2.5625,,Other
Rackspace,124277.7778,18,8.166666667,,Other
Rakuten,195230.7692,13,6,,Other
Rally Health,184452.8302,53,7.037735849,,Other
Rapid7,152375,8,5.75,,Other
Raytheon,106600,70,4.5,,Other
Raytheon Technologies,103250,12,2.833333333,,Other
Razorpay,350000,1,10,,Other
RBC,248750,4,11,,Other
Realtor.com,198947.3684,19,8.157894737,,Other
Red Hat,174446.4286,56,9.892857143,,Other
Red Ventures,130705.8824,17,7.117647059,,Other
Reddit,201342.8571,35,5.257142857,,Other
Redfin,173975.6098,41,3.414634146,,Other
Refinitiv,162666.6667,3,8.666666667,,Other
Relativity,150000,9,7.666666667,,Other
Remitly,249444.4444,9,5.777777778,,Other
Renesas Electronics,185714.2857,7,7,,Other
Rent the Runway,147583.3333,12,4.5,,Other
RentPath,105200,5,3.2,,Other
Rescale,156333.3333,6,4,,Other
ResMed,154857.1429,7,5,,Other
RetailMeNot,150230.7692,13,5.230769231,,Other
Revolut,161000,1,1,,Other
RingCentral,199272.7273,11,8.545454545,,Other
Riot Games,211878.7879,33,6.848484848,,Other
Ripple,390625,8,8.75,,Other
Rippling,257400,5,4.4,,Other
Rivian,209250,40,6.025,,Other
Robert Half,104200,5,2.8,,Other
Robinhood,331692.3077,78,4.717948718,,Other
Roblox,395915.2542,59,6.898305085,,Other
Roche,191454.5455,11,5.727272727,,Other
Roku,328777.7778,54,10.24074074,,Other
Root Insurance,100200,5,2.4,,Other
Rover,163833.3333,6,4,,Other
Rubrik,269833.3333,54,4.703703704,,Other
S&P GLOBAL,183875,8,6.75,,Other
Sabre,104833.3333,6,6.833333333,,Other
Sage,151000,1,5,,Other
SAIC,98700,10,5.6,,Other
SailPoint,132166.6667,6,5,,Other
Salesforce,276311.3108,946,9.077959831,,Big Tech
Samsara,193731.7073,41,4.780487805,,Other
Samsung,205676.7677,99,9.494949495,,Other
Samsung Electronics America,215777.7778,9,11.22222222,,Other
Samsung Research America,178200,10,6.5,,Other
Sandia National Labs,121000,6,4.833333333,,Other
sap,177509.901,202,8.712871287,,Other
SAP Concur,156107.1429,28,8.142857143,,Other
SAS,123000,4,9,,Other
SAS Institute,135000,5,10,,Other
SAS Software,182100,10,10.6,,Other
Sberbank,56000,1,13,,Other
Scale AI,217363.6364,11,2.727272727,,Other
Schlumberger,129823.5294,17,4.411764706,,Other
Schneider Electric,158000,6,13.33333333,,Other
Scribd,259625,8,7.75,,Other
Seagate,124428.5714,7,5.428571429,,Other
Segment,255714.2857,7,7.714285714,,Other
Sephora,158600,5,9.6,,Other
ServiceNow,234846.1538,156,7.993589744,,Other
ServiceTitan,161571.4286,7,7.285714286,,Other
Shell,128500,4,5.25,,Other
Shipt,154900,10,8,,Other
Shopify,192695.6522,46,7.108695652,,Other
Shutterfly,159700,10,7.3,,Other
Shutterstock,186933.3333,15,7.2,,Other
Siemens,112041.6667,24,7.208333333,,Other
Sift,218600,5,9.2,,Other
Silicon Labs,157857.1429,7,9.714285714,,Other
Silicon Valley Bank,196250,12,9.166666667,,Other
SingleStore,187000,5,3.2,,Other
SiriusXM,204625,8,10,,Other
Sisense,145000,5,4.4,,Other
Slack,382188.4058,69,8.47826087,,Other
Slalom,147050,80,7.4125,,Other
Smartsheet,228176.4706,34,7.382352941,,Other
SmartThings,186181.8182,11,10.18181818,,Other
Snap,415870.4663,193,5.730569948,FAANG,FAANG
Snapchat,414333.3333,6,5.666666667,FAANG,FAANG
Snapdocs,177500,6,9,,Other
Snowflake,356421.0526,19,7.736842105,,Other
Societe Generale,200000,1,11,,Other
SoFi,301291.6667,48,6.541666667,,Other
SoftServe,66500,2,8.5,,Other
SolarWinds,202000,4,8.25,,Other
Sonder,175333.3333,3,5.666666667,,Other
Sonos,170062.5,16,8.1875,,Other
Sony,208240,25,7.2,,Other
Sony Interactive Entertainment,183833.3333,6,6.833333333,,Other
Sophos,164500,6,6.166666667,,Other
Southwest Airlines,107250,8,4.375,,Other
SpaceX,187500,22,5.045454545,,Other
Spectrum,138900,10,6.3,,Other
Splunk,295635.7616,151,8,,Other
Spotify,214000,111,6.342342342,,Other
Sprinklr,145000,2,5.5,,Other
Sprout Social,119750,16,4.625,,Other
SPS Commerce,124000,4,5.25,,Other
Square,297178.3439,157,5.914012739,,Other
Squarepoint Capital,120000,1,2,,Other
Squarespace,186000,59,5.813559322,,Other
SS&C Technologies,109200,5,4.8,,Other
Stack Overflow,127250,4,7.25,,Other
Staples,118800,5,5.8,,Other
Starbucks,160392.8571,28,7.821428571,,Other
Startup,176074.0741,27,6.814814815,,Other
Stash,152000,5,5,,Other
State Farm,100536.5854,41,3.097560976,,Other
State Street,157750,8,8,,Other
STChealth,82000,6,2.5,,Other
Stitch Fix,341464.2857,28,6.75,,Other
StockX,154000,5,3.8,,Other
Strategy by PwC,179500,6,5.5,,Other
Stripe,384755.102,147,7.231292517,,Other
Stryker,162250,4,8.5,,Other
StubHub,260166.6667,6,9.166666667,,Other
Sumo Logic,193111.1111,9,3.111111111,,Other
Supermicro,104238.0952,21,6.571428571,,Other
Surveymonkey,258166.6667,24,8.5,,Other
Susquehanna International Group,158500,6,7.333333333,HFT,HFT
Swiss Re,107500,2,2,,Other
Swisscom,150000,1,10,,Other
Symantec,228652.1739,46,11.7826087,,Other
Synaptics,322000,3,11.33333333,,Other
Synchrony,139000,5,9,,Other
Synechron,97500,4,5.75,,Other
Synopsys,184301.8868,53,9.622641509,,Other
Sysdig,149666.6667,6,6.166666667,,Other
T. Rowe Price,163000,9,6.888888889,,Other
Tableau Software,291666.6667,81,7.50617284,,Other
talend,155333.3333,6,8,,Other
Tanium,281153.8462,13,10.61538462,,Other
target,134011.6279,86,5.906976744,,Other
taskrabbit,161200,5,5,,Other
Tata Consultancy Services,97782.6087,46,7.086956522,,Other
tcs,112666.6667,6,10,,Other
TD bank,300000,1,12,,Other
Tekion,195000,1,11,,Other
TEKsystems,147750,4,10.75,,Other
Teladoc Health,148111.1111,9,4.222222222,,Other
Tempus,136166.6667,6,6.166666667,,Other
Tenable,257100,10,10.5,,Other
Tencent,357857.1429,7,7.571428571,,Other
Teradata,178000,12,8.833333333,,Other
Tesla,202727.2727,176,5.295454545,,Other
Test,133333.3333,3,6,,Other
Texas Instruments,165580.6452,31,6.935483871,,Other
The Climate Corporation,161000,9,7,,Other
The D. E. Shaw Group,275000,4,1.25,,Other
The Hartford,113700,10,4.7,,Other
The Home Depot,124232.5581,43,5.488372093,,Other
The New York Times Company,163666.6667,45,7.511111111,,Other
The Trade Desk,224800,10,7.1,,Other
The Voleon Group,214000,5,0.4,,Other
The Walt Disney Company,138200,10,8.2,,Other
Thermo Fisher Scientific,118000,7,3.571428571,,Other
Thomson Reuters,185000,7,11.85714286,,Other
ThoughtSpot,151000,6,3.666666667,,Other
ThoughtWorks,139187.5,32,7.03125,,Other
Thumbtack,248607.1429,28,4.821428571,,Other
TIAA,115200,5,4.4,,Other
TIBCO Software,134000,3,13,,Other
ticketmaster,181000,20,11.2,,Other
TikTok,222333.3333,12,5.75,,Other
Tinder,258235.2941,17,5.823529412,,Other
Tipalti,111500,2,4.5,,Other
T-Mobile,160808.5106,141,8.09929078,,Other
Toast,151500,8,4.25,,Other
Tower Research Capital,320000,3,4.333333333,HFT,HFT
Toyota Research Institute,267200,5,6.6,,Other
Toyota USA,132142.8571,7,7.142857143,,Other
Tradeweb,157500,6,2.166666667,,Other
TransUnion,110625,8,6.75,,Other
Travelers,114571.4286,7,10,,Other
Travelport,86000,6,2.666666667,,Other
Trend Micro,99500,2,3.5,,Other
Trimble,105500,4,13.75,,Other
TriNet,117800,5,4.6,,Other
TripAdvisor,205617.6471,34,6.558823529,,Other
truckstop.com,102000,5,5.2,,Other
Truecar,167800,5,6.2,,Other
TSMC,124200,5,3,,Other
TUNE,109400,5,5.2,,Other
Turbonomic,209200,5,7.4,,Other
Turo,172222.2222,9,3.777777778,,Other
TuSimple,198100,10,5,,Other
Twilio,285544.5545,101,6.623762376,,Other
Twitch,229447.3684,38,4.578947368,,Other
Twitter,325178.0822,365,6.804383562,,Big Tech
Two Sigma,284380.2817,71,4.718309859,HFT,HFT
Tyler Technologies,86800,5,5.6,,Other
U.S. Bank,163857.1429,7,11.71428571,,Other
Uber,333386.3338,761,6.954402102,,Big Tech
Ubiquiti,188000,1,7,,Other
UBS,137833.3333,18,7.111111111,,Other
Udemy,193545.4545,11,7.454545455,,Other
UiPath,383818.1818,22,7.954545455,,Other
UKG,121600,5,9.8,,Other
Ultimate Software,164333.3333,3,5.666666667,,Other
Under Armour,161714.2857,7,10.14285714,,Other
Unilever,82000,3,10.33333333,,Other
Unisys,111750,4,6.25,,Other
United Airlines,129900,10,8.4,,Other
UnitedHealth Group,123285.7143,7,5.428571429,,Other
Unity Technologies,251852.9412,34,6.852941176,,Other
Upstart,239125,8,6.5,,Other
Upwork,364800,5,8,,Other
USAA,118063.8298,94,6.425531915,,Other
Vanguard,110800,35,4,,Other
Veeva Systems,172066.6667,15,2.866666667,,Other
Verily Life Sciences,238192.3077,26,5.038461538,,Other
Verint,124666.6667,6,8,,Other
VERISIGN,139000,5,5.4,,Other
veritas technologies,178629.6296,27,11.03703704,,Other
Verizon,175636.3636,77,9.025974026,,Other
Verizon Media,187666.6667,9,5.111111111,,Other
Verkada,160875,8,4.25,,Other
ViacomCBS,145545.4545,11,5.454545455,,Other
Viasat,107266.6667,15,2.066666667,,Other
Vimeo,164941.1765,17,5.352941176,,Other
Virtu Financial,196666.6667,6,7,HFT,HFT
Virtusa,113500,6,10.66666667,,Other
Visa,161690,200,6.515,,Other
Visa Inc,183000,7,9.571428571,,Other
Vistaprint,131714.2857,7,5.285714286,,Other
VIZIO,156600,5,7,,Other
VMware,237741.652,569,8.917398946,,Big Tech
Volkswagen,161428.5714,7,11.71428571,,Other
Vonage,120750,4,4.25,,Other
vrbo,189571.4286,7,9.428571429,,Other
Walmart,223966.9421,121,8.016528926,,Other
Walmart Labs,238143.77,313,7.696485623,,Big Tech
Warby Parker,145333.3333,6,6.166666667,,Other
WarnerMedia,154769.2308,13,8.615384615,,Other
Wayfair,208484.5679,324,6.518518519,,Big Tech
Waymo,312392.1569,51,4.823529412,,Other
Wealthfront,220666.6667,9,5.777777778,,Other
Weave,149818.1818,11,8.454545455,,Other
Webflow,226000,5,8,,Other
Weedmaps,162500,6,7.833333333,,Other
Wells Fargo,165307.6923,65,9.584615385,,Other
WePay,224466.6667,15,3.4,,Other
Western Digital,165540.5405,37,8.189189189,,Other
WeWork,235230.7692,78,7,,Other
WHOOP,164800,5,3.8,,Other
Willis Towers Watson,123400,5,11,,Other
Wipro,132000,6,12.83333333,,Other
Wipro Limited,136333.3333,9,12.11111111,,Other
Wise,140000,1,7,,Other
Wish,260281.25,32,3.15625,,Other
Wix,118000,1,3,,Other
Wolters Kluwer,147800,5,10.6,,Other
Workday,224737.2881,236,6.923728814,,Other
Workhuman,111000,2,4.5,,Other
Workiva,137666.6667,6,5.833333333,,Other
World Wide Technology,128500,12,10.75,,Other
WP Engine,160125,8,12.625,,Other
Xandr,177294.1176,17,6.352941176,,Other
Xero,163200,5,10.4,,Other
Xilinx,223911.7647,34,7.970588235,,Other
XPO Logistics,131833.3333,6,9,,Other
Yahoo,238215.0838,179,7.927821229,,Other
Yandex,27500,2,3,,Other
Yelp,212765.0602,166,3.831325301,,Other
Yext,205437.5,16,3.1875,,Other
Zalando,71600,5,4.8,,Other
zapier,354875,8,11.25,,Other
Zappos,115142.8571,7,3.571428571,,Other
Zebra Technologies,108600,5,5.6,,Other
Zendesk,212444.4444,45,6.773333333,,Other
Zenefits,215000,2,7,,Other
Zillow,237031.25,160,6.38125,,Other
Zillow Group,245285.7143,14,8.357142857,,Other
ZipRecruiter,237166.6667,6,10.33333333,,Other
Zocdoc,161333.3333,9,4.777777778,,Other
Zoom,215800,25,5.28,,Other
ZoomInfo,126428.5714,7,8.714285714,,Other
Zoox,226122.449,49,6.469387755,,Other
ZS,127333.3333,12,2.25,,Other
ZS Associates,124500,8,3.5,,Other
Zscaler,184166.6667,6,5.333333333,,Other
Zulily,186954.5455,22,6.772727273,,Other
Zynga,266150,20,8.4,,Other
